{
    "EMAP.obo.txt": {
        "avg": 0.2760004833020503,
        "max": 0.3674079579941463,
        "min": 0.24098204201436602,
        "runs": 10,
        "std": 0.034819300171220924,
        "total": 2.7600048330205027
    },
    "FBbt_XP.txt": {
        "avg": 1.5928553250996629,
        "max": 1.6477796250255778,
        "min": 1.5242357090173755,
        "runs": 10,
        "std": 0.040184831476325594,
        "total": 15.928553250996629
    },
    "FMA.txt": {
        "avg": 27.453104537600304,
        "max": 30.94502716700663,
        "min": 23.926440957991872,
        "runs": 10,
        "std": 2.181219451904997,
        "total": 274.531045376003
    },
    "FuzzyWine.txt": {
        "avg": 62.86610030420125,
        "max": 77.6698710420169,
        "min": 59.3300556250033,
        "runs": 10,
        "std": 5.344625072129015,
        "total": 628.6610030420125
    },
    "GRO.txt": {
        "avg": 0.1452783750894014,
        "max": 0.15432866697665304,
        "min": 0.13936324999667704,
        "runs": 10,
        "std": 0.004757647378940797,
        "total": 1.4527837508940138
    },
    "NCI.txt": {
        "avg": 0.5556321083102376,
        "max": 0.7483160420088097,
        "min": 0.46497504101716913,
        "runs": 10,
        "std": 0.07557853703792956,
        "total": 5.556321083102375
    },
    "SIGKDD-EKAW.txt": {
        "avg": 0.11090016240777914,
        "max": 0.12363966699922457,
        "min": 0.10431633301777765,
        "runs": 10,
        "std": 0.007277706746943526,
        "total": 1.1090016240777913
    },
    "Transportation.txt": {
        "avg": 0.1667639081046218,
        "max": 0.20728670799871907,
        "min": 0.14261095802066848,
        "runs": 10,
        "std": 0.01899567735997676,
        "total": 1.667639081046218
    },
    "amino-acid.txt": {
        "avg": 0.3148414166964358,
        "max": 0.4464317499950994,
        "min": 0.2705558750021737,
        "runs": 10,
        "std": 0.049094933767172985,
        "total": 3.1484141669643577
    },
    "atom-common.txt": {
        "avg": 0.11848340419819578,
        "max": 0.13119987500249408,
        "min": 0.10984020799514838,
        "runs": 10,
        "std": 0.007944376952735404,
        "total": 1.1848340419819579
    },
    "cancer_my.txt": {
        "avg": 0.8694681081018644,
        "max": 0.9227516659884714,
        "min": 0.8045472909871023,
        "runs": 10,
        "std": 0.03797976897041595,
        "total": 8.694681081018643
    },
    "cancer_ra.txt": {
        "avg": 0.13495340820518323,
        "max": 0.17023104199324735,
        "min": 0.11758175000431947,
        "runs": 10,
        "std": 0.016549531509335504,
        "total": 1.3495340820518322
    },
    "chemical.txt": {
        "avg": 3.380973041697871,
        "max": 3.580285959003959,
        "min": 3.261204166978132,
        "runs": 10,
        "std": 0.09993457718772293,
        "total": 33.80973041697871
    },
    "cton.txt": {
        "avg": 0.4013671418011654,
        "max": 0.4364271250087768,
        "min": 0.3631353339878842,
        "runs": 10,
        "std": 0.024420265845816174,
        "total": 4.013671418011654
    },
    "earthrealm.txt": {
        "avg": 0.3345078873971943,
        "max": 0.35845920801511966,
        "min": 0.2893317909911275,
        "runs": 10,
        "std": 0.02334637691443442,
        "total": 3.345078873971943
    },
    "economy.txt": {
        "avg": 0.20525741239544004,
        "max": 0.22235395800089464,
        "min": 0.18801454198546708,
        "runs": 10,
        "std": 0.013000907153378373,
        "total": 2.0525741239544004
    },
    "fmaOwlDlComponent_1_4_0.txt": {
        "avg": 0.30920944590179716,
        "max": 0.3404453340044711,
        "min": 0.26904720900347456,
        "runs": 10,
        "std": 0.01919211286752185,
        "total": 3.0920944590179715
    },
    "galen-ians-full-doctored.txt": {
        "avg": 0.23306866680213717,
        "max": 0.25264858300215565,
        "min": 0.20833933301037177,
        "runs": 10,
        "std": 0.015324907005565564,
        "total": 2.3306866680213716
    },
    "gene_ontology_edit.obo.txt": {
        "avg": 0.4679121709021274,
        "max": 0.5150128749955911,
        "min": 0.3988896250084508,
        "runs": 10,
        "std": 0.03848432723575654,
        "total": 4.679121709021274
    },
    "goslim.txt": {
        "avg": 0.11933932070387528,
        "max": 0.13351191600668244,
        "min": 0.10652212501736358,
        "runs": 10,
        "std": 0.009315316179163593,
        "total": 1.1933932070387527
    },
    "human_activities.txt": {
        "avg": 0.10889087080722674,
        "max": 0.12230062499293126,
        "min": 0.09659879200626165,
        "runs": 10,
        "std": 0.008780138350172119,
        "total": 1.0889087080722675
    },
    "legal-role.txt": {
        "avg": 0.08964962480240501,
        "max": 0.10064329102169722,
        "min": 0.07939095798064955,
        "runs": 10,
        "std": 0.006345229799181592,
        "total": 0.8964962480240501
    },
    "lubm.txt": {
        "avg": 60.84655842490029,
        "max": 68.69066575000761,
        "min": 57.01498516698484,
        "runs": 10,
        "std": 4.086199524127484,
        "total": 608.4655842490029
    },
    "matchmaking.txt": {
        "avg": 0.10195717500464525,
        "max": 0.11505558300996199,
        "min": 0.09113904202240519,
        "runs": 10,
        "std": 0.006534214604359137,
        "total": 1.0195717500464525
    },
    "mosquito_insecticide_resistance.obo.txt": {
        "avg": 3.294326291498146,
        "max": 3.424721290997695,
        "min": 3.1299302910047118,
        "runs": 10,
        "std": 0.0878458431990753,
        "total": 32.94326291498146
    },
    "mygrid-moby-service.txt": {
        "avg": 0.13552316640561912,
        "max": 0.1437412920058705,
        "min": 0.11880445800488815,
        "runs": 10,
        "std": 0.007105157617563775,
        "total": 1.3552316640561912
    },
    "numerics.txt": {
        "avg": 0.3342195416975301,
        "max": 0.41093549999641255,
        "min": 0.2862810410151724,
        "runs": 10,
        "std": 0.03295471527811025,
        "total": 3.3421954169753008
    },
    "ontology.txt": {
        "avg": 0.1447345666907495,
        "max": 0.15962674998445436,
        "min": 0.12901395797962323,
        "runs": 10,
        "std": 0.01018570059623641,
        "total": 1.4473456669074949
    },
    "pathway.obo.txt": {
        "avg": 0.12400537909707054,
        "max": 0.1580479170079343,
        "min": 0.10485937498742715,
        "runs": 10,
        "std": 0.01530040985898048,
        "total": 1.2400537909707054
    },
    "people.fd.txt": {
        "avg": 0.30074237089720557,
        "max": 0.3183834170049522,
        "min": 0.2769542919995729,
        "runs": 10,
        "std": 0.013345383496387364,
        "total": 3.0074237089720555
    },
    "periodic-table-complex.txt": {
        "avg": 0.14969995409774128,
        "max": 0.15935962498770095,
        "min": 0.1417965829896275,
        "runs": 10,
        "std": 0.0053834714614447955,
        "total": 1.4969995409774128
    },
    "photography.txt": {
        "avg": 0.11477949580003041,
        "max": 0.1358897500031162,
        "min": 0.10293824999826029,
        "runs": 10,
        "std": 0.009045305111035675,
        "total": 1.1477949580003042
    },
    "pizza.txt": {
        "avg": 0.12381252099585253,
        "max": 0.13747099999454804,
        "min": 0.10964020900428295,
        "runs": 10,
        "std": 0.008394997304770674,
        "total": 1.2381252099585254
    },
    "po.txt": {
        "avg": 0.23660777490295004,
        "max": 0.25238420799723826,
        "min": 0.21370366599876434,
        "runs": 10,
        "std": 0.012222990410649443,
        "total": 2.3660777490295004
    },
    "process.txt": {
        "avg": 0.34402362509572415,
        "max": 0.3765136660076678,
        "min": 0.3121516669925768,
        "runs": 10,